Minsk,Brest,Russia,Poland
SolbegGlobal,SolbegGlobal,SolbegGlobal,SolbegGlobal
SolbegBelarus,SolbegBelarus,SolbegRussia,SolbegPoland
Solbeg Minsk,Solbeg Brest,Easy English,Easy English
Easy English,Easy English,Company Events,Company Events
Company Events,Company Events,role-employee_moscow,role-employee_warsaw
role-employee_minsk,role-employee_brest,role-jsm-customer,role-jsm-customer
role-jsm-customer,role-jsm-customer,Jira-Global-Access,Jira-Global-Access
BambooHR Users,BambooHR Users,BambooHR Users,BambooHR Users
Jira-Global-Access,Jira-Global-Access,[BU] Phoenix,[BU] Phoenix
[BU]Phoenix,[BU] Phoenix,role-bu_phoenix-team,role-bu_phoenix-team
role-bu_phoenix-team,role-bu_phoenix-team,Intune Autopilot,Intune Autopilot
Intune Autopilot,Intune Autopilot,Intune License Assigments/Microsoft 365 E3 License Assigments,Intune License Assigments/Microsoft 365 E3 License Assigments
Intune License Assigments/Microsoft 365 E3 License Assigments,Intune License Assigments/Microsoft 365 E3 License Assigments,,
